train/mAP50,train/mAP,train/precision,train/recall,epoch
0.3557309723671917,0.21084285362470845,0.45759945446616845,0.38432541526696923,1
